name,category,top,numunits,tenure,preview,booking,notes,link
TBC (Former 551-553 Bukit Timah Rd & 6-8 Dukes Rd) Bukit Timah Rd / Dukes Rd,Central/South,TBC,56,Freehold,TBC,TBC,Leave your contact using the link,https://share.ecoprop.com/tbc/R065963D
TBC (Former Watten Estate Condominium) Shelford Rd,Central/South,TBC,286,Freehold,TBC,TBC,Leave your contact using the link,https://share.ecoprop.com/tbc/R065963D
Giverny Robin Dr,Central/South,TBC,13,Freehold,TBC,TBC,Leave your contact using the link,https://share.ecoprop.com/tbc/R065963D
TBC (Former 34 Gilstead Road) Gilstead Rd,Central/South,TBC,56,Freehold,TBC,TBC,Leave your contact using the link,https://share.ecoprop.com/tbc/R065963D
TBC (Former Chancery Court) Dunearn Rd,Central/South,TBC,481,99,TBC,TBC,Leave your contact using the link,https://share.ecoprop.com/tbc/R065963D
TBC (Former Euro Asia Apartments) Serangoon Rd,Central/South,TBC,172,Freehold,TBC,TBC,Leave your contact using the link,https://share.ecoprop.com/tbc/R065963D
The Cairnhill Cairnhill Rise,Central/South,TBC,75,Freehold,TBC,TBC,Leave your contact using the link,https://share.ecoprop.com/tbc/R065963D
TBC (Former Golden Mile Complex) Beach Rd,Central/South,TBC,350,99,TBC,TBC,Leave your contact using the link,https://share.ecoprop.com/tbc/R065963D
21 Anderson Anderson Rd,Central/South,TBC,0,Freehold,TBC,TBC,Leave your contact using the link,https://share.ecoprop.com/tbc/R065963D
33 Devonshire Devonshire Rd,Central/South,TBC,28,Freehold,TBC,TBC,Leave your contact using the link,https://share.ecoprop.com/tbc/R065963D
246 Mount Emily Mount Emily Rd,Central/South,TBC,20,Freehold,TBC,TBC,Leave your contact using the link,https://share.ecoprop.com/tbc/R065963D
Orchard Sophia Mount Sophia,Central/South,TBC,80,Freehold,TBC,TBC,Leave your contact using the link,https://share.ecoprop.com/tbc/R065963D
TBC (Former Peace Centre/Peace Mansion) Sophia Rd,Central/South,TBC,240,99,TBC,TBC,Leave your contact using the link,https://share.ecoprop.com/tbc/R065963D
TBC (Former Central Mall / Central Square) Havelock Rd / Magazine Rd,Central/South,TBC,0,99,TBC,TBC,Leave your contact using the link,https://share.ecoprop.com/tbc/R065963D
TBC (Former Gloria Mansion) Pasir Panjang Rd,Central/South,TBC,59,Freehold,TBC,TBC,Leave your contact using the link,https://share.ecoprop.com/tbc/R065963D
Terra Hill Yew Siang Rd,Central/South,TBC,270,Freehold,TBC,TBC,Leave your contact using the link,https://share.ecoprop.com/tbc/R065963D
TBC (Keppel Bay Plot 6) Keppel Island,Central/South,TBC,86,99,TBC,TBC,Leave your contact using the link,https://share.ecoprop.com/tbc/R065963D
Newport Residences Anson Rd,Central/South,TBC,246,Freehold,TBC,TBC,Leave your contact using the link,https://share.ecoprop.com/tbc/R065963D
TBC (Former Realty Centre) Enggor St,Central/South,TBC,100,Freehold,TBC,TBC,Leave your contact using the link,https://share.ecoprop.com/tbc/R065963D
TMW Maxwell Maxwell Rd,Central/South,TBC,324,99,TBC,TBC,Leave your contact using the link,https://share.ecoprop.com/tbc/R065963D
Skywaters Residences Shenton Way,Central/South,TBC,215,99,TBC,TBC,Leave your contact using the link,https://share.ecoprop.com/tbc/R065963D
TBC (Marina View GLS) Marina View,Central/South,TBC,686,99,TBC,TBC,Leave your contact using the link,https://share.ecoprop.com/tbc/R065963D
TBC (Lentor Hills Parcel B GLS) Lentor Hills Rd,North,TBC,265,99,TBC,TBC,Leave your contact using the link,https://share.ecoprop.com/tbc/R065963D
Lentor Hills Residences [D26],North,TBC,598,99,TBC,TBC,Soon... see link,https://share.ecoprop.com/lentor-hills-residences/R065963D
TBC (Lentor Central GLS) Lentor Central,North,TBC,605,99,TBC,TBC,Leave your contact using the link,https://share.ecoprop.com/tbc/R065963D
Pollen Collection (Landed) Nim Rd / Ang Mo Kio Ave 5,North,TBC,132,99,TBC,TBC,Leave your contact using the link,https://share.ecoprop.com/tbc/R065963D
TBC (Former Chuan Park) Lor Chuan,North,TBC,919,99,TBC,TBC,Leave your contact using the link,https://share.ecoprop.com/tbc/R065963D
TBC (Former Jansen Mansion) Jansen Rd,North,TBC,21,TBC,TBC,TBC,Leave your contact using the link,https://share.ecoprop.com/tbc/R065963D
The Arden Phoenix Rd,West,TBC,105,99,TBC,TBC,Leave your contact using the link,https://share.ecoprop.com/tbc/R065963D
TBC (Former 798/800 Upp Bt Timah Rd) Upper Bukit Timah Rd,West,TBC,408,99,TBC,TBC,Leave your contact using the link,https://share.ecoprop.com/tbc/R065963D
The Botany at Dairy Farm Dairy Farm Walk,West,TBC,386,99,TBC,TBC,Leave your contact using the link,https://share.ecoprop.com/tbc/R065963D
TBC (Bukit Batok West Ave 5 EC GLS) Bukit Batok West Ave 5,West,TBC,496,99,TBC,TBC,Leave your contact using the link,https://share.ecoprop.com/tbc/R065963D
TBC (Bukit Batok West Ave 8 GLS) Bukit Batok West Ave 8,West,TBC,360,99,TBC,TBC,Leave your contact using the link,https://share.ecoprop.com/tbc/R065963D
TBC (Hillview Rise GLS) Hillview Rise / Hillview Walk,West,TBC,335,99,TBC,TBC,Leave your contact using the link,https://share.ecoprop.com/tbc/R065963D
The Reserve Residences Jalan Anak Bukit,West,TBC,740,99,TBC,TBC,Leave your contact using the link,https://share.ecoprop.com/tbc/R065963D
TBC (Bukit Timah Link GLS) Bukit Timah Link,West,TBC,160,99,TBC,TBC,Leave your contact using the link,https://share.ecoprop.com/tbc/R065963D
TBC (Former Park View Mansions) Yuan Ching Rd,West,TBC,440,99,TBC,TBC,Leave your contact using the link,https://share.ecoprop.com/tbc/R065963D
The LakeGarden Residences [D22] Yuan Ching Rd,West,TBC,306,99,TBC,TBC,Soon... see link,https://share.ecoprop.com/the-lakegarden-residences/R065963D
TBC (Former JCube) Jurong East Central 1,West,TBC,400,99,TBC,TBC,Leave your contact using the link,https://share.ecoprop.com/tbc/R065963D
Pinetree Hill [D21] 36 Pinegrove,West,TBC,520,99,TBC,TBC,Soon... see link,https://share.ecoprop.com/pinetree-hill/R065963D
Blossoms by The Park Slim Barracks Rise,West,TBC,265,99,TBC,TBC,Leave your contact using the link,https://share.ecoprop.com/tbc/R065963D
The Hill @ One-North Slim Barracks Rise,West,TBC,140,99,TBC,TBC,Leave your contact using the link,https://share.ecoprop.com/tbc/R065963D
TBC (Jalan Loyang Besar) Jalan Loyang Besar,East,TBC,22,Freehold,TBC,TBC,Leave your contact using the link,https://share.ecoprop.com/tbc/R065963D
Kassia Flora Dr,East,TBC,276,Freehold,TBC,TBC,Leave your contact using the link,https://share.ecoprop.com/tbc/R065963D
Sceneca Residence Tanah Merah Kechil Link,East,TBC,268,99,TBC,TBC,Leave your contact using the link,https://share.ecoprop.com/tbc/R065963D
Gems Ville Lorong 13 Geylang,East,TBC,24,Freehold,TBC,TBC,Leave your contact using the link,https://share.ecoprop.com/tbc/R065963D
TBC (Former Vicenta Lodge) Lorong Marzuki,East,TBC,27,Freehold,TBC,TBC,Leave your contact using the link,https://share.ecoprop.com/tbc/R065963D
Deluxe Residences Lorong Melayu,East,TBC,41,Freehold,TBC,TBC,Leave your contact using the link,https://share.ecoprop.com/tbc/R065963D
The Continuum Thiam Siew Ave,East,TBC,816,Freehold,TBC,TBC,Leave your contact using the link,https://share.ecoprop.com/tbc/R065963D
TBC (Former 173 to 183 Haig Rd) Haig Rd,East,TBC,35,Freehold,TBC,TBC,Leave your contact using the link,https://share.ecoprop.com/tbc/R065963D
TBC (Former La Ville) Tanjong Rhu Rd,East,TBC,107,Freehold,TBC,TBC,Leave your contact using the link,https://share.ecoprop.com/tbc/R065963D
Tembusu Grand Jalan Tembusu,East,TBC,638,99,TBC,TBC,Leave your contact using the link,https://share.ecoprop.com/tbc/R065963D
Amber Sea (Former Amber Glades) Amber Gardens,East,TBC,132,Freehold,TBC,TBC,Leave your contact using the link,https://share.ecoprop.com/tbc/R065963D
Grand Dunman Dunman Rd,East,TBC,1008,99,TBC,TBC,Leave your contact using the link,https://share.ecoprop.com/tbc/R065963D
TBC (Former East Court) Koon Seng Rd,East,TBC,19,Freehold,TBC,TBC,Leave your contact using the link,https://share.ecoprop.com/tbc/R065963D
Creston Residence Still Rd,East,TBC,60,Freehold,TBC,TBC,Leave your contact using the link,https://share.ecoprop.com/tbc/R065963D
